FakeCustomerID,Vol_Baseline,Segment,Vol_COVID,Growth_Rate,Status
100771,2264,Small,1341.0,-40.76855123674912,Declining
102180,6050,Small,3989.0,-34.06611570247934,Declining
102643,3269,Small,1104.0,-66.22820434383604,Declining
102750,1209,Small,209.0,-82.7129859387924,Declining
103308,113888,Medium,79952.0,-29.79769598201742,Declining
103862,3411,Small,5900.0,72.96980357666374,High Growth
104216,2612,Small,872.0,-66.6156202143951,Declining
104298,169576,Medium,59655.0,-64.821083172147,Declining
105129,1632,Small,411.0,-74.81617647058823,Declining
105157,2321,Small,2816.0,21.32701421800948,High Growth
105679,14729,Medium,10097.0,-31.44816348699844,Declining
105732,6536,Small,7407.0,13.326193390452875,High Growth
105833,2475,Small,2784.0,12.484848484848484,High Growth
107034,28052,Medium,6627.0,-76.37601597034079,Declining
108454,1314,Small,1955.0,48.78234398782344,High Growth
109196,1403,Small,1099.0,-21.66785459729152,Declining
109209,2916,Small,6388.0,119.06721536351166,High Growth
109422,2336,Small,1421.0,-39.16952054794521,Declining
109930,9298,Small,12442.0,33.81372338137234,High Growth
110804,13996,Medium,7488.0,-46.49899971420406,Declining
111250,1757,Small,1537.0,-12.521343198634035,Declining
112215,52225,Medium,13918.0,-73.34992819530875,Declining
113454,2950,Small,2582.0,-12.474576271186441,Declining
114555,10390,Medium,5212.0,-49.836381135707406,Declining
114564,18813,Medium,12791.0,-32.009780470950936,Declining
114771,18098,Medium,10469.0,-42.15382915239253,Declining
115266,255940,Large,374746.0,46.41947331405798,High Growth
115586,3227,Small,4322.0,33.932444995351716,High Growth
116126,7063,Small,0.0,-100.0,Lost Customer
117163,4316,Small,2665.0,-38.25301204819277,Declining
117899,254401,Large,218793.0,-13.996800327042738,Declining
118720,1667,Small,4654.0,179.1841631673665,High Growth
119154,1958,Small,2120.0,8.273748723186927,Stable
119366,6540,Small,7700.0,17.737003058103976,High Growth
119726,7163,Small,16053.0,124.11000977244171,High Growth
120030,3413,Small,2455.0,-28.069147377673602,Declining
120264,2937,Small,3979.0,35.47837929860402,High Growth
121299,4298,Small,0.0,-100.0,Lost Customer
123806,11673346,Enterprise,12420500.0,6.400512757867367,Stable
123901,1570,Small,2623.0,67.07006369426752,High Growth
124898,1095,Small,504.0,-53.97260273972603,Declining
126917,1597,Small,409.0,-74.38948027551659,Declining
127658,64818,Medium,91217.0,40.72788422968928,High Growth
129828,4298,Small,3100.0,-27.873429502093998,Declining
130603,264239,Large,251077.0,-4.981096658706701,Declining
132789,13905,Medium,8364.0,-39.84897518878102,Declining
133004,41379,Medium,60227.0,45.549674955895505,High Growth
134260,2010,Small,1685.0,-16.169154228855724,Declining
134688,2055,Small,924.0,-55.03649635036496,Declining
135565,5794,Small,13111.0,126.2858129099068,High Growth
137245,4281,Small,2610.0,-39.03293622985284,Declining
137550,4995,Small,3864.0,-22.642642642642645,Declining
137580,4158,Small,1085.0,-73.9057239057239,Declining
137770,6395,Small,12325.0,92.72869429241595,High Growth
139056,4550,Small,2178.0,-52.13186813186813,Declining
139932,7287,Small,3828.0,-47.46809386578839,Declining
140137,3592,Small,2669.0,-25.69599109131403,Declining
141285,10625,Medium,8961.0,-15.661176470588234,Declining
142244,3615,Small,3459.0,-4.3153526970954355,Declining
142426,2059,Small,2008.0,-2.476930548810102,Declining
142553,1499,Small,1626.0,8.47231487658439,Stable
144127,6174,Small,14119.0,128.68480725623584,High Growth
145203,1539,Small,829.0,-46.133853151397005,Declining
145719,1680,Small,99.0,-94.10714285714286,Declining
146899,5792,Small,3887.0,-32.89019337016575,Declining
150644,13035,Medium,10600.0,-18.68047564250096,Declining
151144,1611,Small,1265.0,-21.477343265052763,Declining
152878,3999,Small,15091.0,277.3693423355839,High Growth
155075,3467,Small,2179.0,-37.150274012114224,Declining
155390,1611,Small,928.0,-42.396027312228426,Declining
156163,3869,Small,3091.0,-20.10855518221763,Declining
156924,2838,Small,1455.0,-48.731501057082454,Declining
157701,1537,Small,4053.0,163.69551073519844,High Growth
158330,2979,Small,766.0,-74.28667338032898,Declining
159364,5644,Small,4155.0,-26.381998582565558,Declining
159874,5332,Small,3031.0,-43.154538634658664,Declining
162466,16517,Medium,25082.0,51.85566386147605,High Growth
162615,1548,Small,1503.0,-2.9069767441860463,Declining
163057,3734,Small,3923.0,5.0615961435457955,Stable
164377,186054,Medium,3720.0,-98.00058047663582,Declining
165730,1690,Small,321.0,-81.00591715976331,Declining
166091,6441,Small,3481.0,-45.955596956994256,Declining
167795,1362,Small,1606.0,17.91483113069016,High Growth
168399,1622,Small,1471.0,-9.309494451294697,Declining
169214,1764,Small,247.0,-85.99773242630386,Declining
169868,18181,Medium,17307.0,-4.807216324734613,Declining
171458,9838,Small,18161.0,84.60052856271601,High Growth
172282,3841,Small,923.0,-75.96979953137205,Declining
174770,2240,Small,1977.0,-11.741071428571429,Declining
175233,6708,Small,3246.0,-51.61001788908766,Declining
176306,5417,Small,6291.0,16.134391729739708,High Growth
177272,2167,Small,2364.0,9.090909090909092,Stable
177318,48464,Medium,7267.0,-85.00536480686695,Declining
178060,1550,Small,891.0,-42.516129032258064,Declining
178432,8139,Small,11227.0,37.94077896547488,High Growth
178731,16735,Medium,7816.0,-53.295488497161635,Declining
178797,2762,Small,1995.0,-27.7697320782042,Declining
178835,116423,Medium,100121.0,-14.002387844326291,Declining
179544,3935,Small,4273.0,8.589580686149937,Stable
179838,6367,Small,918.0,-85.58190670645516,Declining
180567,2497,Small,3407.0,36.44373247897477,High Growth
182784,4988,Small,1656.0,-66.80032076984763,Declining
183231,4998,Small,2216.0,-55.66226490596239,Declining
186819,47453,Medium,10578.0,-77.70846943291257,Declining
187319,2093,Small,1456.0,-30.434782608695656,Declining
188073,3282,Small,7887.0,140.3107861060329,High Growth
188225,4217,Small,2744.0,-34.93004505572682,Declining
188238,53510,Medium,28127.0,-47.43599327228555,Declining
188710,2485,Small,1299.0,-47.72635814889336,Declining
189658,2988,Small,5742.0,92.16867469879519,High Growth
190124,1725,Small,2792.0,61.85507246376811,High Growth
190135,4022,Small,1068.0,-73.44604674291398,Declining
190192,3632,Small,12609.0,247.16409691629954,High Growth
190745,1455,Small,1382.0,-5.017182130584192,Declining
192167,17805,Medium,17371.0,-2.4375175512496488,Declining
192536,1606,Small,1858.0,15.69115815691158,High Growth
193702,2100,Small,1694.0,-19.333333333333332,Declining
194577,4719,Small,4889.0,3.602458147912693,Stable
195237,5546,Small,2399.0,-56.74359899026326,Declining
196254,16058,Medium,6599.0,-58.90521858263794,Declining
196632,3441,Small,1572.0,-54.31560592850916,Declining
196781,2095,Small,1.0,-99.95226730310263,Declining
196835,195901,Medium,193286.0,-1.3348579129254061,Declining
198080,5254,Small,597.0,-88.63722877807385,Declining
198502,3904,Small,1552.0,-60.245901639344254,Declining
199653,7241,Small,5701.0,-21.26778069327441,Declining
199718,3638,Small,1780.0,-51.07201759208356,Declining
201196,17064,Medium,37991.0,122.63830285982185,High Growth
202573,5658,Small,4544.0,-19.68893601979498,Declining
203090,9744,Small,15384.0,57.88177339901478,High Growth
205223,6457,Small,2006.0,-68.93294099426979,Declining
205943,24397,Medium,24297.0,-0.40988646145017826,Declining
206155,25972,Medium,10625.0,-59.09055906360696,Declining
207157,2635,Small,0.0,-100.0,Lost Customer
209054,4045,Small,2230.0,-44.87021013597033,Declining
209479,1691,Small,931.0,-44.9438202247191,Declining
209666,1719,Small,557.0,-67.59744037230948,Declining
210017,1315,Small,138.0,-89.50570342205323,Declining
210626,3867,Small,1542.0,-60.124127230411176,Declining
210645,6672,Small,8665.0,29.871103117505992,High Growth
211598,223978,Large,174525.0,-22.079400655421512,Declining
212169,1921,Small,3.0,-99.84383133784488,Declining
212354,3497,Small,5633.0,61.08092650843581,High Growth
213947,2880,Small,1173.0,-59.27083333333333,Declining
215836,418534,Large,270740.0,-35.312304376705356,Declining
216220,86550,Medium,36448.0,-57.887926054303875,Declining
218010,1705,Small,640.0,-62.4633431085044,Declining
218279,3554,Small,7051.0,98.39617332583005,High Growth
219114,4974,Small,5355.0,7.659831121833534,Stable
219797,1870,Small,847.0,-54.70588235294118,Declining
220475,7058,Small,37836.0,436.0725417965429,High Growth
221605,30656,Medium,8901.0,-70.96490083507307,Declining
221914,3998,Small,13378.0,234.61730865432716,High Growth
222053,6669,Small,5822.0,-12.700554805817962,Declining
224690,32466,Medium,3640.0,-88.78827080638206,Declining
226167,1372,Small,671.0,-51.0932944606414,Declining
226250,126651,Medium,55681.0,-56.03587812176769,Declining
226492,5985,Small,6754.0,12.848788638262324,High Growth
227440,5458,Small,13102.0,140.05130084279955,High Growth
228893,4465,Small,0.0,-100.0,Lost Customer
229592,4244,Small,4959.0,16.847313854853912,High Growth
230420,3067,Small,613.0,-80.01304206064557,Declining
231110,6940,Small,5708.0,-17.752161383285305,Declining
231140,5487,Small,6302.0,14.853289593584837,High Growth
231960,1954,Small,2010.0,2.865916069600819,Stable
233847,12639,Medium,8905.0,-29.543476540865576,Declining
234106,65716,Medium,71242.0,8.40891107188508,Stable
236105,1288,Small,905.0,-29.7360248447205,Declining
236198,1573,Small,1011.0,-35.727908455181186,Declining
236400,2737,Small,2957.0,8.03799780781878,Stable
237353,1998,Small,766.0,-61.66166166166166,Declining
238525,1862,Small,3609.0,93.82384532760473,High Growth
239088,4674,Small,4108.0,-12.109542148053059,Declining
239408,1243,Small,3481.0,180.04827031375703,High Growth
241661,2808,Small,2096.0,-25.356125356125357,Declining
244064,2115,Small,1342.0,-36.54846335697399,Declining
244211,20856,Medium,32898.0,57.73878020713463,High Growth
246102,3649,Small,1411.0,-61.331871745683756,Declining
247444,2272,Small,1460.0,-35.73943661971831,Declining
247714,2778,Small,5871.0,111.3390928725702,High Growth
248512,18372,Medium,17173.0,-6.526235575876334,Declining
248762,1822,Small,1294.0,-28.979143798024147,Declining
248876,3479,Small,4175.0,20.005748778384593,High Growth
249743,12477,Medium,5255.0,-57.882503807004895,Declining
250740,5109,Small,3126.0,-38.81385789782736,Declining
253015,2586,Small,3277.0,26.72080433101315,High Growth
253678,14332,Medium,7027.0,-50.969857661177784,Declining
255704,11733,Medium,4836.0,-58.78291996931731,Declining
256304,6718,Small,4937.0,-26.51086632926466,Declining
256717,8895,Small,7226.0,-18.763350196739744,Declining
257959,1958,Small,1949.0,-0.45965270684371806,Declining
258831,2452,Small,1297.0,-47.10440456769984,Declining
259195,43565,Medium,66534.0,52.7235165844141,High Growth
259662,3272,Small,3533.0,7.97677261613692,Stable
261165,1427,Small,778.0,-45.48002803083392,Declining
261943,210805,Large,119747.0,-43.19537012879201,Declining
262253,2107,Small,101.0,-95.20645467489321,Declining
262597,7166,Small,3380.0,-52.83282165782863,Declining
262774,11865,Medium,13071.0,10.164348925410872,Stable
263278,2468,Small,1381.0,-44.043760129659645,Declining
265348,1369,Small,826.0,-39.66398831263696,Declining
265854,2416,Small,3804.0,57.450331125827816,High Growth
265982,3656,Small,8283.0,126.55908096280089,High Growth
266431,2343,Small,2505.0,6.9142125480153656,Stable
268573,8839,Small,6963.0,-21.2241203756081,Declining
268720,2200,Small,10070.0,357.7272727272727,High Growth
268956,1701,Small,846.0,-50.264550264550266,Declining
269264,1741,Small,653.0,-62.492820218265365,Declining
269782,10437,Medium,15119.0,44.85963399444285,High Growth
271386,24559,Medium,10019.0,-59.20436499857487,Declining
272862,2647,Small,1578.0,-40.38534189648659,Declining
274076,84926,Medium,6.0,-99.99293502578716,Declining
274367,2986,Small,2060.0,-31.011386470194243,Declining
274639,2515,Small,1806.0,-28.19085487077535,Declining
274709,5838,Small,3604.0,-38.26652963343611,Declining
274950,3595,Small,2549.0,-29.09596662030598,Declining
275242,282646,Large,443928.0,57.0614832688239,High Growth
276210,9926,Small,6747.0,-32.02699979850897,Declining
278049,3866,Small,2593.0,-32.92809105018107,Declining
278428,1896,Small,0.0,-100.0,Lost Customer
279237,3162,Small,3358.0,6.198608475648324,Stable
279814,2096,Small,2815.0,34.30343511450381,High Growth
280243,3885,Small,1848.0,-52.43243243243243,Declining
281391,29256,Medium,680.0,-97.67569045665846,Declining
281486,1486,Small,309.0,-79.20592193808884,Declining
281659,1285,Small,30.0,-97.66536964980544,Declining
282854,2573,Small,180.0,-93.00427516517684,Declining
284087,7874,Small,6989.0,-11.239522479044957,Declining
284276,2428,Small,3895.0,60.42009884678748,High Growth
285459,16023,Medium,6168.0,-61.505336079385884,Declining
285591,342643,Large,365509.0,6.673418105725201,Stable
285685,1440,Small,561.0,-61.04166666666667,Declining
287017,18914,Medium,20689.0,9.384582848683515,Stable
288241,3392,Small,5934.0,74.94103773584906,High Growth
289215,1651,Small,682.0,-58.691701998788616,Declining
291584,1098,Small,322.0,-70.67395264116576,Declining
291647,23272,Medium,2819.0,-87.8867308353386,Declining
292545,2739,Small,1130.0,-58.744067177802116,Declining
292640,3818,Small,5357.0,40.30906233630173,High Growth
294213,2690,Small,2637.0,-1.970260223048327,Declining
295997,7265,Small,5732.0,-21.10116999311769,Declining
296519,2718,Small,1247.0,-54.120676968359085,Declining
297146,9980,Small,8692.0,-12.905811623246494,Declining
298042,4203,Small,4447.0,5.805377111586962,Stable
298252,1776,Small,2373.0,33.61486486486486,High Growth
298506,30661,Medium,47051.0,53.45552982616353,High Growth
299235,1900,Small,1535.0,-19.210526315789473,Declining
299271,2926,Small,545.0,-81.37388926862612,Declining
300385,1634,Small,998.0,-38.922888616891065,Declining
300524,343537,Large,267743.0,-22.062834570948688,Declining
300970,7010,Small,6701.0,-4.407988587731812,Declining
301401,2214,Small,1328.0,-40.018066847335135,Declining
302006,1917,Small,419.0,-78.14293166405842,Declining
302174,7674,Small,7522.0,-1.9807140995569454,Declining
302918,1794,Small,1979.0,10.312151616499444,Stable
304028,2527,Small,1135.0,-55.08508112386229,Declining
304206,2128,Small,1188.0,-44.17293233082707,Declining
304715,7236,Small,10451.0,44.43062465450525,High Growth
305364,3382,Small,2846.0,-15.848610289769367,Declining
305912,11582,Medium,7210.0,-37.748230012087724,Declining
306021,2478,Small,2102.0,-15.173527037933818,Declining
307244,3638,Small,1712.0,-52.94117647058824,Declining
308228,11202,Medium,4817.0,-56.99875022317443,Declining
308930,16018,Medium,9951.0,-37.876139343238854,Declining
310089,1853,Small,2785.0,50.29681597409606,High Growth
310159,5073,Small,4107.0,-19.04198698994678,Declining
311065,14748,Medium,3874.0,-73.73203146189313,Declining
311781,2868,Small,6356.0,121.61785216178522,High Growth
312033,1703,Small,1485.0,-12.80093951849677,Declining
313042,1451,Small,0.0,-100.0,Lost Customer
315742,5056,Small,6845.0,35.383702531645575,High Growth
317325,1599,Small,1185.0,-25.89118198874296,Declining
317344,25666,Medium,19284.0,-24.86558092417985,Declining
319000,2029,Small,2055.0,1.2814194184327254,Stable
319103,1621,Small,1183.0,-27.0203578038248,Declining
321504,109051,Medium,50244.0,-53.92614464791703,Declining
321548,5347,Small,7924.0,48.19524967271367,High Growth
322070,3522,Small,4928.0,39.92049971607041,High Growth
322111,18622,Medium,10843.0,-41.773171517559874,Declining
322643,6259,Small,13600.0,117.28710656654417,High Growth
323757,3045,Small,155.0,-94.90968801313629,Declining
325697,9290,Small,10010.0,7.750269106566201,Stable
326191,14850,Medium,4824.0,-67.51515151515152,Declining
327083,9608,Small,5818.0,-39.44629475437136,Declining
327589,2731,Small,1824.0,-33.21127792017576,Declining
328820,30729,Medium,44046.0,43.336913013765496,High Growth
329285,1801,Small,652.0,-63.797890061077176,Declining
330092,20971,Medium,15081.0,-28.086405035525246,Declining
330188,1894,Small,1356.0,-28.405491024287223,Declining
330752,2414,Small,1212.0,-49.79287489643745,Declining
331166,1700,Small,265.0,-84.41176470588235,Declining
332301,6816,Small,4556.0,-33.15727699530516,Declining
334585,19915,Medium,18492.0,-7.145367813206126,Declining
334809,8648,Small,0.0,-100.0,Lost Customer
335365,1159,Small,885.0,-23.64106988783434,Declining
335977,1893,Small,812.0,-57.10512414157422,Declining
336112,10192,Medium,861.0,-91.5521978021978,Declining
336957,4393,Small,1407.0,-67.97177327566584,Declining
337315,3101,Small,7367.0,137.56852628184458,High Growth
338088,3327,Small,3376.0,1.4727983168019236,Stable
338159,5276,Small,2581.0,-51.08036391205458,Declining
340522,8441,Small,12282.0,45.50408719346049,High Growth
341137,140002,Medium,214676.0,53.33780945986486,High Growth
342831,3233,Small,1774.0,-45.12836374884009,Declining
343799,21269,Medium,26863.0,26.301189524660302,High Growth
343869,2241,Small,1470.0,-34.404283801874165,Declining
344016,3622,Small,833.0,-77.00165654334621,Declining
345956,3420,Small,9363.0,173.7719298245614,High Growth
346874,3810,Small,2222.0,-41.67979002624672,Declining
347198,1749,Small,2888.0,65.12292738707833,High Growth
348172,1458,Small,1548.0,6.172839506172839,Stable
348298,5028,Small,16408.0,226.33253778838505,High Growth
348364,2124,Small,1401.0,-34.03954802259887,Declining
351393,1213,Small,436.0,-64.0560593569662,Declining
352841,29872,Medium,25405.0,-14.953802892340654,Declining
354288,1890,Small,1991.0,5.343915343915344,Stable
355865,1760,Small,2410.0,36.93181818181818,High Growth
355983,2772,Small,3709.0,33.8023088023088,High Growth
356029,1533,Small,3309.0,115.85127201565557,High Growth
356347,4218,Small,6904.0,63.67946894262684,High Growth
356376,2049,Small,1516.0,-26.012689116642264,Declining
356557,2993,Small,18.0,-99.3985967256933,Declining
357115,67383,Medium,35433.0,-47.415520235074126,Declining
357156,4370,Small,4244.0,-2.883295194508009,Declining
357536,3398,Small,1633.0,-51.942319011183045,Declining
358330,3267,Small,3292.0,0.7652280379553107,Stable
359427,15275,Medium,57302.0,275.13584288052374,High Growth
360779,1825,Small,1441.0,-21.04109589041096,Declining
361580,1574,Small,983.0,-37.54764930114358,Declining
361767,1504,Small,937.0,-37.69946808510639,Declining
362024,6386,Small,3601.0,-43.611024115252114,Declining
362593,1729,Small,0.0,-100.0,Lost Customer
362752,1825,Small,1837.0,0.6575342465753425,Stable
363105,13048,Medium,28817.0,120.85377069282647,High Growth
364211,7580,Small,8424.0,11.134564643799472,Stable
364772,5301,Small,20033.0,277.90982833427654,High Growth
365454,8217534,Enterprise,5994499.0,-27.052337112325915,Declining
367292,2336,Small,2707.0,15.881849315068495,High Growth
367606,2244,Small,898.0,-59.98217468805704,Declining
368165,1547,Small,679.0,-56.10859728506787,Declining
370402,3368,Small,3780.0,12.232779097387175,High Growth
370713,21230,Medium,17631.0,-16.95242581252944,Declining
370741,2306,Small,2058.0,-10.75455333911535,Declining
371183,12235,Medium,11500.0,-6.0073559460563954,Declining
372807,1942,Small,470.0,-75.79814624098867,Declining
373323,2871,Small,3971.0,38.31417624521073,High Growth
376400,5677,Small,4017.0,-29.24079619517351,Declining
376571,2285,Small,5028.0,120.0437636761488,High Growth
376825,28033,Medium,17000.0,-39.35718617343845,Declining
377138,25821,Medium,62280.0,141.19902405019172,High Growth
377975,8623,Small,8872.0,2.887626116200858,Stable
378046,51274,Medium,58809.0,14.695557202480789,High Growth
378111,1157,Small,0.0,-100.0,Lost Customer
378180,2861,Small,336.0,-88.25585459629501,Declining
379351,3384,Small,1131.0,-66.57801418439716,Declining
380778,3601,Small,3643.0,1.16634268258817,Stable
381148,2616,Small,1727.0,-33.98318042813456,Declining
382014,2541,Small,3257.0,28.177882723337266,High Growth
382046,2408,Small,3014.0,25.166112956810633,High Growth
383269,1428,Small,1132.0,-20.72829131652661,Declining
383360,57582,Medium,34006.0,-40.943350352540726,Declining
384153,1571,Small,3475.0,121.19669000636537,High Growth
385157,8045,Small,5056.0,-37.15351149782474,Declining
386483,15043,Medium,12912.0,-14.166057302399787,Declining
387617,2479,Small,889.0,-64.13876563130295,Declining
387964,2277,Small,993.0,-56.38998682476944,Declining
388680,1685,Small,970.0,-42.433234421364986,Declining
389562,3479,Small,2822.0,-18.884736993388902,Declining
391182,3566,Small,2276.0,-36.17498597868761,Declining
394658,7604,Small,8764.0,15.255128879537086,High Growth
395128,2872,Small,55.0,-98.08495821727018,Declining
395268,3458,Small,6841.0,97.83111625216888,High Growth
395393,10400,Medium,4439.0,-57.31730769230769,Declining
395545,1685,Small,1025.0,-39.16913946587537,Declining
396334,1502,Small,155.0,-89.68042609853528,Declining
396666,24555,Medium,62548.0,154.72612502545306,High Growth
397317,3257,Small,2488.0,-23.610684679152595,Declining
398217,9144,Small,11084.0,21.21609798775153,High Growth
399309,6558,Small,5350.0,-18.420250076242755,Declining
399481,3337,Small,1140.0,-65.83757866347018,Declining
406044,11850,Medium,7784.0,-34.312236286919834,Declining
406526,6799,Small,4452.0,-34.51978232092955,Declining
407748,4215,Small,371.0,-91.19810201660735,Declining
407849,2210,Small,836.0,-62.171945701357465,Declining
409165,4599,Small,3240.0,-29.549902152641877,Declining
409987,41776,Medium,8422.0,-79.84009957870548,Declining
410803,4237,Small,2552.0,-39.768704271890485,Declining
410920,2068,Small,1854.0,-10.34816247582205,Declining
411277,2391,Small,1323.0,-44.66750313676286,Declining
412102,8813,Small,4745.0,-46.15908317258595,Declining
413260,6404,Small,1053.0,-83.55715178013742,Declining
416234,2711,Small,1753.0,-35.337513832534114,Declining
417992,278718,Large,198952.0,-28.618890778492954,Declining
418060,11536,Medium,7534.0,-34.691400832177536,Declining
418121,6275,Small,4556.0,-27.394422310756973,Declining
418746,24834,Medium,23391.0,-5.810582266247886,Declining
418906,1872,Small,82.0,-95.61965811965813,Declining
419333,1687,Small,980.0,-41.90871369294606,Declining
419370,3302,Small,251.0,-92.39854633555422,Declining
419689,2506,Small,1085.0,-56.70391061452514,Declining
419963,7577,Small,4428.0,-41.55998416259734,Declining
420685,30210,Medium,4940.0,-83.64779874213836,Declining
420933,4147,Small,479.0,-88.44948155292983,Declining
421202,2664,Small,5121.0,92.22972972972973,High Growth
422981,7539,Small,2796.0,-62.91285316354954,Declining
425631,3529,Small,1461.0,-58.60017001983565,Declining
425741,3558,Small,2749.0,-22.737492973580665,Declining
426295,5458,Small,2167.0,-60.2968120190546,Declining
426378,12154,Medium,0.0,-100.0,Lost Customer
426551,5733,Small,5529.0,-3.5583464154892726,Declining
427576,1898,Small,1505.0,-20.70600632244468,Declining
429304,1571,Small,999.0,-36.40992998090388,Declining
430465,6199,Small,5966.0,-3.758670753347314,Declining
431059,3679,Small,2162.0,-41.23403098668116,Declining
431203,12253,Medium,8622.0,-29.633559128376724,Declining
431901,8552,Small,8725.0,2.022918615528531,Stable
432570,13993,Medium,1792.0,-87.1935967983992,Declining
432626,3460,Small,743.0,-78.52601156069365,Declining
433797,1362,Small,1934.0,41.99706314243759,High Growth
434228,2113,Small,4739.0,124.27827733080927,High Growth
434795,2526,Small,2158.0,-14.56848772763262,Declining
435532,8050,Small,7231.0,-10.173913043478262,Declining
436279,28178,Medium,31553.0,11.977429200085172,High Growth
436705,114964,Medium,130610.0,13.609477749556383,High Growth
437883,15015,Medium,8649.0,-42.3976023976024,Declining
439321,9508,Small,3158.0,-66.78586453512831,Declining
439845,4235,Small,9631.0,127.41440377804014,High Growth
442901,2160,Small,0.0,-100.0,Lost Customer
443093,1923,Small,113.0,-94.12376495059802,Declining
444323,7533,Small,12913.0,71.4190893402363,High Growth
444342,67081,Medium,51305.0,-23.517836645249773,Declining
445165,8290,Small,7499.0,-9.5416164053076,Declining
445427,1453,Small,225.0,-84.51479697178253,Declining
446598,1926,Small,902.0,-53.16718587746625,Declining
448358,418955,Large,243993.0,-41.761525700850925,Declining
449447,16062,Medium,3640.0,-77.33781596314282,Declining
450448,1246,Small,335.0,-73.11396468699839,Declining
450665,1689,Small,1855.0,9.828300769686205,Stable
450909,2845,Small,496.0,-82.56590509666081,Declining
451525,3601,Small,1151.0,-68.03665648430992,Declining
453425,4493,Small,2873.0,-36.0560872468284,Declining
454189,1325,Small,337.0,-74.56603773584905,Declining
455776,2905,Small,318.0,-89.05335628227195,Declining
456064,4386,Small,2463.0,-43.84404924760602,Declining
456397,15916,Medium,62205.0,290.8331239004775,High Growth
458751,1459,Small,2641.0,81.01439342015078,High Growth
458995,49561,Medium,21928.0,-55.7555335848752,Declining
460196,1301,Small,1036.0,-20.36894696387394,Declining
463435,73493,Medium,35007.0,-52.36689208496047,Declining
463439,4868,Small,264.0,-94.57682826622843,Declining
463506,1359,Small,1345.0,-1.030169242089772,Declining
464323,2334,Small,4194.0,79.69151670951156,High Growth
465284,1126,Small,13.0,-98.84547069271758,Declining
465717,2196,Small,1925.0,-12.340619307832421,Declining
467168,1934,Small,1502.0,-22.337125129265768,Declining
467379,3195,Small,3449.0,7.949921752738655,Stable
468387,3701,Small,3792.0,2.458794920291813,Stable
468740,2955,Small,3884.0,31.43824027072758,High Growth
470388,11090,Medium,23471.0,111.64111812443642,High Growth
471772,3436,Small,1484.0,-56.810244470314316,Declining
471779,3361,Small,4503.0,33.97798274323118,High Growth
471990,8939,Small,2968.0,-66.79718089271731,Declining
473686,3250,Small,2772.0,-14.707692307692307,Declining
473880,1576,Small,824.0,-47.71573604060914,Declining
475022,3049,Small,2287.0,-24.991800590357492,Declining
477680,2204,Small,946.0,-57.078039927404724,Declining
479642,3400,Small,3363.0,-1.088235294117647,Declining
480592,1432,Small,0.0,-100.0,Lost Customer
480726,5016,Small,17.0,-99.66108452950559,Declining
480958,4267,Small,1501.0,-64.82306069838295,Declining
481481,2863,Small,1874.0,-34.54418442193503,Declining
481611,6575,Small,5601.0,-14.813688212927756,Declining
481725,17155,Medium,6018.0,-64.91984844068784,Declining
482514,10802,Medium,13324.0,23.34752823551194,High Growth
482721,18355,Medium,5980.0,-67.42032143830019,Declining
482908,4167,Small,1821.0,-56.299496040316775,Declining
484348,2534,Small,1511.0,-40.37095501183899,Declining
486606,9528,Small,4097.0,-57.000419815281276,Declining
486959,7336,Small,268.0,-96.34678298800436,Declining
487526,13733,Medium,27004.0,96.63584067574456,High Growth
488282,8356,Small,9235.0,10.519387266634753,Stable
488451,1451,Small,118.0,-91.86767746381805,Declining
489265,4801,Small,12532.0,161.02895230160382,High Growth
489866,3714,Small,90.0,-97.5767366720517,Declining
489912,17460,Medium,1099.0,-93.70561282932417,Declining
490002,33937,Medium,20875.0,-38.488964846627574,Declining
493749,1998,Small,886.0,-55.65565565565566,Declining
493829,2612,Small,1323.0,-49.34915773353752,Declining
494081,20479,Medium,10498.0,-48.73773133453782,Declining
495033,6470,Small,4688.0,-27.542503863987633,Declining
495220,15236,Medium,5589.0,-63.317143607245995,Declining
495303,9163,Small,2390.0,-73.91683946305795,Declining
496278,3419,Small,45902.0,1242.5563030125768,High Growth
496986,51040,Medium,24873.0,-51.267633228840126,Declining
498630,2128,Small,1398.0,-34.304511278195484,Declining
499874,6009,Small,4587.0,-23.664503245132302,Declining
502005,1146,Small,269.0,-76.52705061082024,Declining
502445,41985,Medium,12279.0,-70.75384065737764,Declining
503898,1573,Small,1134.0,-27.908455181182457,Declining
504707,35348,Medium,10345.0,-70.73384632793935,Declining
504999,5883,Small,11162.0,89.73312935577087,High Growth
505975,10979,Medium,13778.0,25.49412514800984,High Growth
506621,12183,Medium,11026.0,-9.496839858819667,Declining
507099,4945,Small,4050.0,-18.099089989888775,Declining
508121,22210,Medium,13410.0,-39.621791985592075,Declining
510281,152854,Medium,130055.0,-14.915540319520588,Declining
511410,3344,Small,2172.0,-35.047846889952154,Declining
512018,1462,Small,139.0,-90.49247606019152,Declining
513101,3427,Small,1687.0,-50.77327108257952,Declining
514529,1456,Small,1263.0,-13.255494505494505,Declining
516323,5920,Small,4482.0,-24.29054054054054,Declining
516347,9678,Small,12698.0,31.204794379003925,High Growth
516356,10133,Medium,3546.0,-65.00542781012534,Declining
516441,1578,Small,1589.0,0.697084917617237,Stable
516564,1828,Small,1323.0,-27.62582056892779,Declining
516720,11242,Medium,10927.0,-2.8019925280199254,Declining
518132,2169,Small,5697.0,162.65560165975103,High Growth
519571,7012,Small,3531.0,-49.64346833998859,Declining
520756,2783,Small,1497.0,-46.20912684153791,Declining
521585,6542,Small,5897.0,-9.859370223173341,Declining
523748,9838,Small,7885.0,-19.851595852815613,Declining
523944,201365,Large,213907.0,6.228490551982718,Stable
524698,6111,Small,3430.0,-43.8717067583047,Declining
525246,1478,Small,440.0,-70.23004059539919,Declining
526361,3468,Small,2281.0,-34.22722029988466,Declining
526683,7530,Small,2737.0,-63.65205843293492,Declining
526822,146466,Medium,166020.0,13.35053869157347,High Growth
527429,1758,Small,2113.0,20.193401592719,High Growth
529707,1618,Small,498.0,-69.221260815822,Declining
530757,2593,Small,2243.0,-13.49787890474354,Declining
531156,2115,Small,4202.0,98.67612293144208,High Growth
532970,27969,Medium,14287.0,-48.918445421716896,Declining
533043,2758,Small,1811.0,-34.33647570703408,Declining
533066,251986,Large,130415.0,-48.24514060304937,Declining
533584,7890,Small,3987.0,-49.467680608365015,Declining
535281,352758,Large,185625.0,-47.37893966968857,Declining
536593,3714,Small,1383.0,-62.76252019386107,Declining
537177,114909,Medium,75091.0,-34.65176792070247,Declining
537682,22321,Medium,34431.0,54.25384167376014,High Growth
538373,1868,Small,1114.0,-40.364025695931474,Declining
539019,2014,Small,848.0,-57.89473684210527,Declining
543674,4288,Small,4413.0,2.9151119402985075,Stable
543754,2140,Small,2379.0,11.168224299065422,Stable
544086,15407,Medium,20171.0,30.921009930551048,High Growth
544530,5057,Small,909.0,-82.02491595807791,Declining
545155,2981,Small,3184.0,6.8097953706809795,Stable
545859,1511,Small,951.0,-37.06154864328259,Declining
546233,16461,Medium,5436.0,-66.97648988518316,Declining
549673,5493,Small,4747.0,-13.58092117240124,Declining
549830,19866,Medium,0.0,-100.0,Lost Customer
549892,902840,Enterprise,439946.0,-51.27087856098533,Declining
551161,1365,Small,1185.0,-13.186813186813188,Declining
551230,18023,Medium,17004.0,-5.65388670032736,Declining
551760,1582,Small,682.0,-56.89001264222503,Declining
552593,3001,Small,4050.0,34.95501499500166,High Growth
552999,1366,Small,1330.0,-2.635431918008785,Declining
553239,27053,Medium,8399.0,-68.9535356522382,Declining
555123,11056,Medium,14151.0,27.993849493487698,High Growth
555322,16979,Medium,19643.0,15.689969962895342,High Growth
555495,1761,Small,2.0,-99.88642816581488,Declining
555892,3018,Small,3787.0,25.480450629555996,High Growth
557297,3927,Small,7371.0,87.70053475935828,High Growth
559966,4318,Small,2419.0,-43.978693839740615,Declining
561536,4013,Small,163.0,-95.93820084724645,Declining
561589,28910,Medium,20498.0,-29.097198201314423,Declining
563657,3479,Small,5886.0,69.18654785858006,High Growth
565696,3253,Small,1806.0,-44.48201660006148,Declining
565807,3196,Small,3012.0,-5.7571964956195245,Declining
565885,1372,Small,583.0,-57.50728862973761,Declining
565950,24120,Medium,13830.0,-42.66169154228855,Declining
565982,1402,Small,1152.0,-17.83166904422254,Declining
566097,8344,Small,7966.0,-4.530201342281879,Declining
567893,11251,Medium,2467.0,-78.07306017242912,Declining
567933,2988,Small,1757.0,-41.198125836680056,Declining
568233,1698,Small,1875.0,10.424028268551238,Stable
568922,1566,Small,2514.0,60.53639846743295,High Growth
569642,8602,Small,6049.0,-29.67914438502674,Declining
571037,16481,Medium,21704.0,31.69103816515988,High Growth
572558,5765,Small,8243.0,42.98352124891587,High Growth
572560,59990,Medium,43243.0,-27.916319386564425,Declining
577746,3890,Small,2849.0,-26.760925449871465,Declining
578432,8024,Small,10330.0,28.73878364905284,High Growth
579212,5993,Small,3205.0,-46.520941097947606,Declining
580673,130252,Medium,74846.0,-42.53754260971041,Declining
582628,10021,Medium,5470.0,-45.414629278515115,Declining
583747,4735,Small,15390.0,225.02639915522704,High Growth
583835,4049,Small,1395.0,-65.54704865398864,Declining
584336,49862,Medium,141796.0,184.37688018932252,High Growth
585409,12779,Medium,7383.0,-42.22552625401049,Declining
585461,19453,Medium,12563.0,-35.418701485632035,Declining
585528,4217,Small,3948.0,-6.3789423760967505,Declining
586917,135586,Medium,91017.0,-32.871387901405754,Declining
588172,4154,Small,2025.0,-51.25180548868561,Declining
588881,2893,Small,3410.0,17.870722433460077,High Growth
589713,3204,Small,1153.0,-64.01373283395755,Declining
591737,4391,Small,4428.0,0.8426326577089501,Stable
594731,14871,Medium,10890.0,-26.77022392576155,Declining
595335,10408,Medium,10061.0,-3.3339738662567258,Declining
595926,17008,Medium,13584.0,-20.13170272812794,Declining
596399,1539,Small,918.0,-40.35087719298245,Declining
596623,12943,Medium,9449.0,-26.995287027737003,Declining
596868,55141,Medium,56799.0,3.006837017827025,Stable
597057,5064,Small,3312.0,-34.59715639810427,Declining
599784,2444,Small,2385.0,-2.414075286415712,Declining
600731,3185,Small,1204.0,-62.1978021978022,Declining
601436,1829,Small,1677.0,-8.310552214324767,Declining
604097,1153,Small,3960.0,243.45186470078056,High Growth
605801,4964,Small,6040.0,21.67606768734891,High Growth
606441,1816,Small,2793.0,53.79955947136564,High Growth
606780,2082,Small,1998.0,-4.034582132564841,Declining
607210,2759,Small,1177.0,-57.33961580282711,Declining
607252,1971,Small,1390.0,-29.477422628107558,Declining
607647,1221,Small,693.0,-43.24324324324324,Declining
607793,1394,Small,403.0,-71.09038737446198,Declining
608276,3633,Small,15124.0,316.2950729424718,High Growth
608500,25872,Medium,62895.0,143.10064935064935,High Growth
608546,4320,Small,1483.0,-65.6712962962963,Declining
609152,7749,Small,8307.0,7.200929152148665,Stable
610356,2736,Small,2151.0,-21.38157894736842,Declining
612478,1929,Small,1978.0,2.5401762571280453,Stable
612542,39042,Medium,31431.0,-19.494390656216382,Declining
613286,6707,Small,4138.0,-38.30326524526614,Declining
613325,1370,Small,2.0,-99.85401459854015,Declining
614946,1323,Small,1851.0,39.909297052154194,High Growth
616880,63121,Medium,58946.0,-6.614280508863928,Declining
617120,12810,Medium,11597.0,-9.469164715066354,Declining
617439,544542,Enterprise,756179.0,38.86513804261196,High Growth
618317,5990,Small,9653.0,61.15191986644407,High Growth
618759,4281,Small,2970.0,-30.623686054660126,Declining
620159,2890,Small,1371.0,-52.560553633217985,Declining
620684,2632,Small,2850.0,8.282674772036474,Stable
623462,6948,Small,26704.0,284.34081750143923,High Growth
623642,1623,Small,839.0,-48.30560690080098,Declining
624498,1441,Small,1990.0,38.09854267869535,High Growth
625311,1277,Small,892.0,-30.148786217697733,Declining
627447,14665,Medium,4.0,-99.9727241732015,Declining
627618,5064,Small,1605.0,-68.30568720379146,Declining
628471,2179,Small,2468.0,13.262964662689308,High Growth
630442,55284,Medium,41809.0,-24.37414080023153,Declining
631279,1948,Small,2179.0,11.858316221765913,High Growth
632516,3608,Small,3359.0,-6.901330376940133,Declining
632544,4160,Small,2324.0,-44.13461538461539,Declining
633761,17018,Medium,4254.0,-75.00293806557762,Declining
634068,3761,Small,629.0,-83.27572454134538,Declining
635000,12019,Medium,9002.0,-25.101921956901574,Declining
635789,8436,Small,10350.0,22.688477951635846,High Growth
636159,1446,Small,787.0,-45.57399723374827,Declining
636552,3091,Small,4240.0,37.17243610482044,High Growth
636837,3264,Small,1628.0,-50.122549019607845,Declining
636976,2489,Small,1306.0,-47.52912816392125,Declining
637874,2141,Small,1016.0,-52.54553946753854,Declining
638816,2292,Small,1167.0,-49.08376963350785,Declining
641216,3330,Small,0.0,-100.0,Lost Customer
641781,1465,Small,869.0,-40.68259385665529,Declining
642426,1179,Small,1358.0,15.182357930449534,High Growth
642870,1543,Small,1485.0,-3.7589112119248216,Declining
644496,3464,Small,9568.0,176.21247113163972,High Growth
644564,3750,Small,1042.0,-72.21333333333332,Declining
646845,2415,Small,445.0,-81.57349896480332,Declining
647923,6518,Small,1050.0,-83.89076403804849,Declining
648024,4020,Small,0.0,-100.0,Lost Customer
648468,12239,Medium,13347.0,9.053027208105236,Stable
650813,2049,Small,5377.0,162.42069302098585,High Growth
650817,249031,Large,151729.0,-39.07224401781305,Declining
652688,3483,Small,7594.0,118.03043353430951,High Growth
654149,1968,Small,679.0,-65.4979674796748,Declining
655237,1731,Small,1705.0,-1.5020219526285385,Declining
656159,1423,Small,1099.0,-22.768798313422348,Declining
657359,11027,Medium,8580.0,-22.190985762220006,Declining
657995,2605,Small,1404.0,-46.103646833013435,Declining
658553,48943,Medium,16828.0,-65.6171464765135,Declining
658595,8285,Small,5474.0,-33.92878696439348,Declining
659248,1578,Small,984.0,-37.6425855513308,Declining
659632,3377,Small,3789.0,12.200177672490376,High Growth
660851,1878,Small,1102.0,-41.32055378061768,Declining
660863,10462,Medium,9608.0,-8.162875167272032,Declining
661158,1976,Small,1314.0,-33.502024291497975,Declining
670641,1346,Small,1624.0,20.65378900445765,High Growth
672075,5134,Small,4357.0,-15.134398130112972,Declining
672833,5109,Small,5420.0,6.087296926991583,Stable
675167,22148,Medium,23383.0,5.576124255011739,Stable
676584,8018,Small,1136.0,-85.83187827388376,Declining
678870,1276,Small,208.0,-83.69905956112854,Declining
679097,3684,Small,1555.0,-57.790445168295335,Declining
681318,3856,Small,6547.0,69.78734439834025,High Growth
683214,3447,Small,2042.0,-40.76008123005512,Declining
683620,5110,Small,1068.0,-79.09980430528375,Declining
684927,23480,Medium,30838.0,31.337308347529813,High Growth
684937,1823,Small,981.0,-46.18760285244103,Declining
687392,3694,Small,2142.0,-42.01407688142935,Declining
688283,8871,Small,8545.0,-3.6748957276518994,Declining
688778,2493,Small,1681.0,-32.57119935820297,Declining
689246,1517,Small,0.0,-100.0,Lost Customer
689482,1472,Small,1915.0,30.095108695652172,High Growth
690107,13288,Medium,13673.0,2.8973509933774833,Stable
690888,11219,Medium,7218.0,-35.662715036990825,Declining
691234,2467,Small,3439.0,39.40008107012566,High Growth
694144,5547,Small,3827.0,-31.007751937984494,Declining
696325,1809,Small,1536.0,-15.091210613598674,Declining
696897,1349,Small,774.0,-42.624166048925126,Declining
697445,7914,Small,4626.0,-41.54662623199393,Declining
699231,5110,Small,4415.0,-13.60078277886497,Declining
700956,1090,Small,0.0,-100.0,Lost Customer
702005,14350,Medium,12081.0,-15.81184668989547,Declining
703807,9700,Small,11308.0,16.577319587628867,High Growth
703858,2244,Small,1831.0,-18.40463458110517,Declining
704306,9512,Small,9561.0,0.5151387720773759,Stable
704595,22542,Medium,24104.0,6.929287552124923,Stable
705042,1145,Small,0.0,-100.0,Lost Customer
707727,1820,Small,1111.0,-38.956043956043956,Declining
707765,10108,Medium,291.0,-97.1210922041947,Declining
707811,8331,Small,7693.0,-7.658144280398512,Declining
707974,4464,Small,17784.0,298.38709677419354,High Growth
708575,1406,Small,14.0,-99.00426742532005,Declining
708679,8118,Small,12114.0,49.2239467849224,High Growth
708836,1140236,Enterprise,1216333.0,6.6737938461862285,Stable
709440,2340,Small,5194.0,121.96581196581198,High Growth
710932,1926,Small,908.0,-52.85565939771547,Declining
711318,5506,Small,4054.0,-26.37123138394479,Declining
711956,4058,Small,5209.0,28.363725973385908,High Growth
712132,2536,Small,1075.0,-57.610410094637224,Declining
712381,2372,Small,115.0,-95.15177065767286,Declining
715488,1399,Small,1195.0,-14.581844174410294,Declining
716949,1755,Small,770.0,-56.12535612535613,Declining
716972,3489,Small,2328.0,-33.27601031814274,Declining
718117,8084,Small,7733.0,-4.341909945571499,Declining
718262,6204,Small,4494.0,-27.562862669245646,Declining
719079,14053,Medium,9098.0,-35.25937522237245,Declining
719389,3510,Small,3792.0,8.034188034188034,Stable
719751,2161,Small,1968.0,-8.93105043961129,Declining
720383,180480,Medium,302556.0,67.63962765957446,High Growth
720407,4108,Small,9306.0,126.53359298928919,High Growth
722327,8041,Small,4611.0,-42.6563860216391,Declining
723017,2185,Small,3119.0,42.74599542334096,High Growth
723278,2516,Small,1841.0,-26.828298887122415,Declining
723471,1369,Small,715.0,-47.77209642074507,Declining
726326,3508,Small,847.0,-75.85518814139111,Declining
727562,3012,Small,0.0,-100.0,Lost Customer
730256,6007,Small,4802.0,-20.0599300815715,Declining
730973,6999,Small,3794.0,-45.79225603657665,Declining
731530,3144,Small,3523.0,12.054707379134861,High Growth
732454,1494,Small,963.0,-35.54216867469879,Declining
732537,1528,Small,1102.0,-27.87958115183246,Declining
733944,6980,Small,4077.0,-41.590257879656164,Declining
734169,8941,Small,12266.0,37.18823397830221,High Growth
735352,1249,Small,536.0,-57.08566853482786,Declining
737062,4257,Small,2847.0,-33.12191684284708,Declining
739672,4345,Small,1250.0,-71.2313003452244,Declining
739686,4529,Small,0.0,-100.0,Lost Customer
741676,1989,Small,1014.0,-49.01960784313725,Declining
741971,2026,Small,3034.0,49.753208292201386,High Growth
742396,7763,Small,2887.0,-62.8107690325905,Declining
742681,2657,Small,1326.0,-50.094091080165605,Declining
742791,4897561,Enterprise,3541044.0,-27.697807132979047,Declining
743296,6372,Small,3301.0,-48.19522912743251,Declining
745580,2868,Small,2141.0,-25.3486750348675,Declining
745947,3894,Small,861.0,-77.88906009244992,Declining
747282,4472,Small,4388.0,-1.8783542039355994,Declining
747525,3564,Small,2164.0,-39.28170594837261,Declining
748266,159586,Medium,221468.0,38.77658441216648,High Growth
749105,12592,Medium,8638.0,-31.400889453621346,Declining
749268,1923,Small,1118.0,-41.86167446697868,Declining
749983,1376,Small,0.0,-100.0,Lost Customer
751109,1947,Small,9.0,-99.53775038520801,Declining
751647,2984,Small,3624.0,21.447721179624665,High Growth
751757,1274,Small,576.0,-54.78806907378336,Declining
752624,2172,Small,2272.0,4.6040515653775325,Stable
753663,1642,Small,1368.0,-16.68696711327649,Declining
753763,3919,Small,3105.0,-20.770604746108702,Declining
754531,3208,Small,2435.0,-24.096009975062344,Declining
755137,2599,Small,2587.0,-0.461716044632551,Declining
757920,346679,Large,111956.0,-67.70614891585588,Declining
758925,8801,Small,5561.0,-36.813998409271676,Declining
759818,2136,Small,509.0,-76.17041198501873,Declining
760817,1442,Small,688.0,-52.28848821081831,Declining
763510,25877,Medium,25666.0,-0.8153959114271361,Declining
764506,3127,Small,6428.0,105.56443875919412,High Growth
764775,2034,Small,560.0,-72.46804326450345,Declining
765806,5396,Small,2543.0,-52.87249814677539,Declining
769411,4921,Small,6138.0,24.730745783377362,High Growth
769423,1228,Small,0.0,-100.0,Lost Customer
770985,120048,Medium,66670.0,-44.463881114220975,Declining
771449,1486,Small,527.0,-64.53566621803499,Declining
771794,2561,Small,3264.0,27.45021475985943,High Growth
771796,5443,Small,2825.0,-48.09847510564027,Declining
773259,36883,Medium,57531.0,55.98243093023887,High Growth
774606,3439,Small,0.0,-100.0,Lost Customer
774645,3514,Small,1917.0,-45.446784291405805,Declining
775846,3074,Small,3693.0,20.13662979830839,High Growth
776755,1694,Small,1548.0,-8.618654073199528,Declining
777170,5090,Small,8668.0,70.29469548133595,High Growth
778137,6758,Small,5630.0,-16.69132879550163,Declining
778800,6092,Small,8366.0,37.32764281024294,High Growth
780180,1895,Small,775.0,-59.10290237467019,Declining
781793,10783,Medium,8498.0,-21.19076323843086,Declining
783818,1489,Small,7630.0,412.42444593687037,High Growth
784585,8621,Small,5013.0,-41.85129335343928,Declining
785609,18710,Medium,8651.0,-53.76269374665954,Declining
786581,1568,Small,1181.0,-24.681122448979593,Declining
786604,7924,Small,0.0,-100.0,Lost Customer
786754,1465,Small,1138.0,-22.320819112627987,Declining
787066,2898,Small,4575.0,57.86749482401656,High Growth
787207,7307,Small,7921.0,8.402901327494183,Stable
788487,13826,Medium,15084.0,9.09879936351801,Stable
788862,7097,Small,3525.0,-50.331125827814574,Declining
789108,3792,Small,558.0,-85.28481012658227,Declining
790143,4597,Small,1587.0,-65.47748531651077,Declining
790819,2051,Small,0.0,-100.0,Lost Customer
791446,5738,Small,6769.0,17.96793307772743,High Growth
791625,4600,Small,3462.0,-24.73913043478261,Declining
792080,4979,Small,1104.0,-77.82687286603735,Declining
792169,2538,Small,1878.0,-26.004728132387704,Declining
792298,7496,Small,12100.0,61.41942369263608,High Growth
792977,9619,Small,3130.0,-67.46023495165817,Declining
793008,2377,Small,1512.0,-36.390408077408495,Declining
794006,3506,Small,2855.0,-18.56816885339418,Declining
794547,4247,Small,5707.0,34.37720744054627,High Growth
796792,1346,Small,1268.0,-5.794947994056463,Declining
799475,13981,Medium,7801.0,-44.20284672054932,Declining
800531,2652,Small,3229.0,21.75716440422323,High Growth
803311,8656,Small,4543.0,-47.516173752310536,Declining
804325,39032,Medium,46906.0,20.173191227710596,High Growth
804753,3862,Small,1481.0,-61.65199378560331,Declining
805611,2273,Small,1464.0,-35.5917289925209,Declining
805659,5727,Small,3263.0,-43.02427099703161,Declining
806429,738357,Enterprise,1121821.0,51.93476868235827,High Growth
808055,12211,Medium,18608.0,52.38719187617722,High Growth
808148,2102,Small,1538.0,-26.831588962892482,Declining
810116,5893,Small,5078.0,-13.829967758357373,Declining
811549,49923,Medium,37228.0,-25.42916090779801,Declining
813196,10606,Medium,16052.0,51.34829341881954,High Growth
814873,4275,Small,2992.0,-30.01169590643275,Declining
815936,13409,Medium,10148.0,-24.319486911775673,Declining
816459,4992,Small,4773.0,-4.387019230769231,Declining
817337,1238,Small,195.0,-84.24878836833602,Declining
820561,1384,Small,1191.0,-13.94508670520231,Declining
823286,1197,Small,873.0,-27.06766917293233,Declining
824351,3572382,Enterprise,1937804.0,-45.755968986519356,Declining
824951,7888,Small,4230.0,-46.374239350912774,Declining
827397,13206,Medium,1028.0,-92.21565954868998,Declining
827508,8352,Small,7544.0,-9.67432950191571,Declining
828595,2880,Small,5247.0,82.1875,High Growth
830319,3184,Small,1829.0,-42.55653266331658,Declining
830513,170653,Medium,89197.0,-47.73194728484117,Declining
830938,8989,Small,5676.0,-36.856157525864944,Declining
831569,1351,Small,793.0,-41.302738712065135,Declining
832038,1205,Small,20758.0,1622.655601659751,High Growth
833033,3791,Small,1663.0,-56.132946452123456,Declining
835177,3643,Small,3603.0,-1.0979961570134504,Declining
835479,1803,Small,1208.0,-33.00055463117027,Declining
835653,21766,Medium,2708.0,-87.55857759808876,Declining
835870,1650,Small,743.0,-54.96969696969697,Declining
835947,2520,Small,1897.0,-24.72222222222222,Declining
836437,148131,Medium,35931.0,-75.74376734106974,Declining
836626,1473,Small,617.0,-58.11269517990496,Declining
836878,234178,Large,219181.0,-6.404102861925544,Declining
837093,2094,Small,1186.0,-43.361986628462276,Declining
837803,12638,Medium,6702.0,-46.969457192593765,Declining
842216,7402,Small,6461.0,-12.712780329640639,Declining
842632,43015,Medium,15630.0,-63.66383819597815,Declining
842634,4124,Small,4083.0,-0.994180407371484,Declining
843144,8224,Small,6331.0,-23.017996108949415,Declining
843763,35407,Medium,16257.0,-54.08535035444969,Declining
847595,28331,Medium,13535.0,-52.22547739225584,Declining
847623,38324,Medium,0.0,-100.0,Lost Customer
847697,1823,Small,978.0,-46.35216675809106,Declining
848666,91601,Medium,464504.0,407.0949007106909,High Growth
851178,1430,Small,2380.0,66.43356643356644,High Growth
851894,5946,Small,3348.0,-43.69323915237134,Declining
851995,3182,Small,1230.0,-61.34506599622879,Declining
852369,4886,Small,4116.0,-15.759312320916905,Declining
853055,6296,Small,3985.0,-36.70584498094028,Declining
853082,6184,Small,2533.0,-59.03945666235446,Declining
853148,1647,Small,467.0,-71.64541590771098,Declining
854749,2618,Small,1729.0,-33.9572192513369,Declining
854872,88601,Medium,79687.0,-10.060834527827,Declining
855186,29242,Medium,8349.0,-71.44860132685864,Declining
856989,328310,Large,245133.0,-25.334896896226127,Declining
857468,20644,Medium,5706.0,-72.36000775043595,Declining
857720,8275,Small,4389.0,-46.9607250755287,Declining
857807,14410,Medium,7470.0,-48.160999306037475,Declining
857887,4780,Small,854.0,-82.13389121338912,Declining
858487,18599,Medium,22089.0,18.76444970159686,High Growth
858782,2072,Small,1071.0,-48.310810810810814,Declining
859193,1512,Small,2105.0,39.21957671957672,High Growth
859730,7192,Small,5825.0,-19.007230255839822,Declining
859903,3439638,Enterprise,3867887.0,12.450409025600951,High Growth
860746,7058,Small,2927.0,-58.5293284216492,Declining
861251,1845,Small,3388.0,83.63143631436314,High Growth
861405,5897,Small,6834.0,15.88943530608784,High Growth
862345,7283,Small,9037.0,24.083482081559797,High Growth
865032,2343,Small,622.0,-73.45283824157065,Declining
865837,26029,Medium,14732.0,-43.401590533635556,Declining
866497,1398,Small,1127.0,-19.38483547925608,Declining
867864,41543,Medium,50533.0,21.640228197289556,High Growth
869557,11516,Medium,5915.0,-48.63667940257034,Declining
870019,4305,Small,4131.0,-4.041811846689895,Declining
870788,1721,Small,1179.0,-31.493317838466005,Declining
871319,8456,Small,2207.0,-73.90018921475875,Declining
871399,1827,Small,1088.0,-40.448823207443894,Declining
874167,2992,Small,2037.0,-31.918449197860966,Declining
875759,9876,Small,3291.0,-66.6767922235723,Declining
876509,10282,Medium,940.0,-90.85780976463724,Declining
876558,49663,Medium,30976.0,-37.62761009202021,Declining
876734,6052,Small,1688.0,-72.1083939193655,Declining
877159,2040,Small,966.0,-52.64705882352941,Declining
877959,2494,Small,1054.0,-57.73857257417803,Declining
878069,23965,Medium,47157.0,96.77446275818903,High Growth
878258,8118,Small,3248.0,-59.99014535599901,Declining
878317,441446,Large,498766.0,12.984600608001884,High Growth
878771,59407,Medium,22256.0,-62.53640143417443,Declining
879069,1683,Small,281.0,-83.30362448009507,Declining
879156,4356,Small,5544.0,27.27272727272727,High Growth
879386,1514,Small,782.0,-48.34874504623514,Declining
881237,2148,Small,1619.0,-24.62756052141527,Declining
882520,1837,Small,1302.0,-29.123571039738707,Declining
882876,3358,Small,14707.0,337.9690291840381,High Growth
883541,3082,Small,1257.0,-59.21479558728099,Declining
883806,1657,Small,1356.0,-18.16535908267954,Declining
884057,3036,Small,2049.0,-32.509881422924906,Declining
885102,22623,Medium,15170.0,-32.94434867170579,Declining
885680,7026968,Enterprise,5050022.0,-28.133698630760804,Declining
885811,8640,Small,5908.0,-31.62037037037037,Declining
885966,19295,Medium,14641.0,-24.120238403731538,Declining
886134,7069,Small,2513.0,-64.45041731503748,Declining
886840,2789,Small,37.0,-98.67335962710649,Declining
887972,4433,Small,3567.0,-19.535303406271147,Declining
888355,1647,Small,1676.0,1.7607771706132362,Stable
891939,3229,Small,0.0,-100.0,Lost Customer
892717,10440,Medium,17372.0,66.3984674329502,High Growth
894068,2748,Small,841.0,-69.39592430858806,Declining
894369,1215,Small,1342.0,10.452674897119342,Stable
894561,1395,Small,884.0,-36.630824372759854,Declining
895205,6565,Small,5009.0,-23.7014470677837,Declining
895304,80407,Medium,35928.0,-55.31732311863395,Declining
896210,16042,Medium,2393.0,-85.08290736815859,Declining
896717,1944,Small,2933.0,50.87448559670782,High Growth
896872,2010,Small,587.0,-70.79601990049751,Declining
897261,2473,Small,5509.0,122.7658714112414,High Growth
897278,11301,Medium,7782.0,-31.13883727103796,Declining
898838,2075,Small,2073.0,-0.09638554216867469,Declining
899827,108175,Medium,90168.0,-16.646175179107928,Declining
900446,1492,Small,1069.0,-28.351206434316357,Declining
901944,2073,Small,443.0,-78.63000482392668,Declining
902073,4866992,Enterprise,5129013.0,5.383633258489021,Stable
903876,7904,Small,5134.0,-35.04554655870445,Declining
904643,1354,Small,2.0,-99.85228951255539,Declining
904718,1934,Small,1387.0,-28.28335056876939,Declining
905725,10591,Medium,6280.0,-40.704371636294965,Declining
905956,4199,Small,4990.0,18.837818528221003,High Growth
906211,9718,Small,8447.0,-13.078822803045895,Declining
907223,14984,Medium,5860.0,-60.891617725573944,Declining
908519,2057,Small,1725.0,-16.14000972289742,Declining
909077,3698,Small,643.0,-82.61222282314765,Declining
909527,2972,Small,0.0,-100.0,Lost Customer
911064,2673,Small,6055.0,126.52450430228208,High Growth
912392,5119,Small,3212.0,-37.253369798788825,Declining
912733,2229,Small,1872.0,-16.01615074024226,Declining
913139,2463,Small,3453.0,40.19488428745432,High Growth
913855,2515,Small,3583.0,42.46520874751491,High Growth
916454,4741,Small,3623.0,-23.5815228854672,Declining
916725,2348,Small,1681.0,-28.407155025553664,Declining
918240,287756,Large,199654.0,-30.616911550063246,Declining
920905,1608,Small,931.0,-42.101990049751244,Declining
921255,2092,Small,803.0,-61.61567877629063,Declining
921379,1328,Small,519.0,-60.918674698795186,Declining
921427,11757,Medium,6410.0,-45.47928893425193,Declining
921611,1947671,Enterprise,2362742.0,21.311145465532935,High Growth
922152,10706,Medium,2914.0,-72.78161778441995,Declining
924375,2778,Small,1165.0,-58.063354931605474,Declining
924590,5416,Small,12902.0,138.22008862629247,High Growth
925905,87129,Medium,86552.0,-0.6622364539935038,Declining
926614,4406,Small,3470.0,-21.2437585111212,Declining
926759,1616,Small,0.0,-100.0,Lost Customer
927219,1212,Small,1072.0,-11.55115511551155,Declining
928563,6646,Small,2071.0,-68.83839903701474,Declining
928575,1740,Small,1012.0,-41.839080459770116,Declining
928667,7325,Small,1726.0,-76.43686006825938,Declining
929587,3604,Small,2139.0,-40.64927857935627,Declining
930139,2610,Small,5352.0,105.05747126436782,High Growth
930482,3016,Small,1011.0,-66.47877984084882,Declining
930786,2411,Small,1186.0,-50.80879303193696,Declining
931867,1971,Small,216.0,-89.04109589041096,Declining
931980,7260,Small,5188.0,-28.539944903581265,Declining
936134,2283,Small,822.0,-63.99474375821288,Declining
936951,3017,Small,4456.0,47.69638713954259,High Growth
937828,2076,Small,1967.0,-5.250481695568401,Declining
937860,13412,Medium,81425.0,507.10557709513864,High Growth
938287,8095,Small,8479.0,4.74366893143916,Stable
939820,4827,Small,6935.0,43.6710171949451,High Growth
940268,4608,Small,3993.0,-13.346354166666666,Declining
941451,422366,Large,345909.0,-18.10207261001122,Declining
942148,2347,Small,3773.0,60.75841499786962,High Growth
943000,4536,Small,624.0,-86.24338624338624,Declining
943901,1724,Small,220.0,-87.23897911832947,Declining
945327,3383,Small,1909.0,-43.570795152231746,Declining
948156,4743,Small,1720.0,-63.736032047227496,Declining
948971,2848,Small,1571.0,-44.83848314606742,Declining
951252,2273,Small,2673.0,17.59788825340959,High Growth
952291,33844,Medium,61121.0,80.59626521687744,High Growth
952364,3012,Small,3529.0,17.164674634794157,High Growth
952813,4574,Small,4858.0,6.209007433318758,Stable
953829,3298,Small,66.0,-97.99878714372346,Declining
953854,2440,Small,3570.0,46.31147540983606,High Growth
954070,861475,Enterprise,337777.0,-60.790852897646474,Declining
954178,1637,Small,758.0,-53.69578497251069,Declining
954516,58911,Medium,57245.0,-2.8279947717743714,Declining
954523,14624,Medium,8831.0,-39.61296498905908,Declining
954657,2186,Small,1525.0,-30.237877401646845,Declining
956321,2494,Small,682.0,-72.65437048917401,Declining
958030,170872,Medium,91629.0,-46.3756496090641,Declining
958309,1634,Small,2699.0,65.17747858017135,High Growth
959477,1347,Small,764.0,-43.28136599851522,Declining
961252,2110,Small,769.0,-63.55450236966824,Declining
962210,4887,Small,3172.0,-35.09310415387763,Declining
962943,2487,Small,1305.0,-47.52714113389626,Declining
965295,3000,Small,1454.0,-51.53333333333333,Declining
965584,17967,Medium,7567.0,-57.88389825791729,Declining
966097,193176,Medium,109082.0,-43.53232285584131,Declining
966592,1892,Small,855.0,-54.80972515856237,Declining
967700,10238,Medium,9036.0,-11.740574330924009,Declining
970248,4939,Small,9229.0,86.8596881959911,High Growth
971797,2285,Small,3388.0,48.27133479212254,High Growth
972368,2658,Small,2977.0,12.001504890895411,High Growth
972598,2424,Small,3344.0,37.95379537953795,High Growth
972718,2893,Small,2136.0,-26.1666090563429,Declining
973720,5512,Small,22395.0,306.29535558780844,High Growth
975054,1920,Small,635.0,-66.92708333333334,Declining
975328,2111,Small,2575.0,21.98010421601137,High Growth
975336,1705,Small,84.0,-95.07331378299119,Declining
976044,2071,Small,2184.0,5.456301303718011,Stable
976180,2062,Small,2507.0,21.580989330746846,High Growth
977352,15395,Medium,31399.0,103.95582981487496,High Growth
978343,3674,Small,3858.0,5.008165487207403,Stable
979549,2231,Small,0.0,-100.0,Lost Customer
979892,3262,Small,2948.0,-9.625996321275291,Declining
980193,1028,Small,676.0,-34.24124513618677,Declining
982806,4962,Small,1322.0,-73.35751713018944,Declining
983349,2709,Small,2708.0,-0.03691399040236249,Declining
983904,1724,Small,1261.0,-26.85614849187935,Declining
985198,1750,Small,1721.0,-1.657142857142857,Declining
985225,1391,Small,728.0,-47.66355140186916,Declining
985336,2359,Small,519.0,-77.99915218312844,Declining
986495,5734,Small,2091.0,-63.533310080223224,Declining
986637,1486,Small,250.0,-83.17631224764467,Declining
987288,13114,Medium,14768.0,12.612475217324995,High Growth
989429,1278,Small,1062.0,-16.901408450704224,Declining
989822,45784,Medium,15684.0,-65.74349117595666,Declining
990621,26952,Medium,32265.0,19.712822796081923,High Growth
990926,3022,Small,10247.0,239.08007941760422,High Growth
991844,23504,Medium,9958.0,-57.63274336283186,Declining
992027,37609,Medium,16360.0,-56.49977399026829,Declining
992405,2830,Small,1502.0,-46.92579505300353,Declining
992524,2843,Small,1373.0,-51.70594442490327,Declining
993472,7632,Small,3753.0,-50.82547169811321,Declining
993759,3132,Small,1794.0,-42.72030651340996,Declining
994361,3386,Small,880.0,-74.01063201417601,Declining
994762,1376,Small,47.0,-96.58430232558139,Declining
995173,1947,Small,4605.0,136.51771956856703,High Growth
999141,4478,Small,2505.0,-44.05984814649397,Declining
999362,4633,Small,3259.0,-29.656809842434704,Declining
